station_id,elev
102,12
103,12
104,35
105,27
106,22
107,16
108,23
111,23
113,20
114,18
115,27
117,42
118,15
119,16
120,21
121,20
122,18
123,44
124,24
126,27
128,26
129,28
130,27
131,16
133,17
134,31
135,30
137,51
138,38
139,30
140,36
141,48
142,41
143,11
145,18
146,25
147,12
148,17
150,21
153,20
154,14
155,19
156,36
157,28
159,61
160,47
161,72
162,57
163,43
164,35
165,27
166,26
167,57
169,22
170,24
171,44
173,49
175,32
176,38
177,22
178,14
179,20
180,47
181,18
182,18
183,17
184,13
185,22
186,22
188,36
191,19
192,22
194,16
195,22
196,26
198,55
199,28
200,21
201,18
202,47
203,30
204,24
205,18
206,15
207,34
209,21
211,20
212,29
213,19
214,14
215,18
217,35
219,26
220,23
221,12
222,22
223,24
224,21
225,25
226,24
227,18
228,16
229,14
230,19
231,21
232,13
233,33
236,18
237,35
238,11
239,12
240,13
241,17
242,31
243,12
244,22
245,16
247,18
248,19
249,19
250,43
251,34
252,21
253,20
254,17
255,14
256,20
258,16
259,22
260,5
263,16
264,15
265,15
266,20
267,20
268,21
270,28
271,15
272,18
275,13
276,15
278,16
279,21
280,18
281,20
282,22
283,16
284,18
285,17
286,18
287,19
288,18
289,18
290,15
291,19
292,23
293,18
295,24
296,19
297,25
298,22
299,20
300,59
301,45
302,44
303,46
305,45
307,44
308,40
309,40
310,67
314,46
316,47
318,48
320,49
321,51
322,46
324,48
326,46
327,38
328,37
329,65
331,43
332,39
334,29
335,31
336,52
337,29
338,27
339,32
340,42
341,35
342,36
343,32
344,40
345,35
346,29
347,30
348,51
349,50
351,54
352,62
353,45
354,49
355,31
356,45
358,37
359,37
361,26
362,30
363,26
364,43
367,54
368,53
370,49
371,41
372,42
374,30
379,57
380,41
381,51
382,42
383,27
384,47
385,58
387,29
388,39
389,29
390,45
391,43
393,28
394,46
397,26
398,28
399,50
400,14
401,17
402,10
403,20
405,11
406,20
407,9
408,10
409,7
410,22
411,15
412,30
413,12
414,12
415,18
416,33
417,14
418,16
419,17
420,20
421,16
422,14
424,21
425,14
426,44
427,16
428,46
429,63
430,34
431,27
432,25
433,73
434,69
435,58
436,59
437,24
438,16
440,45
441,47
442,28
443,47
445,58
446,64
447,84
449,117
450,53
451,58
452,27
453,35
454,38
455,27
456,30
457,32
458,56
461,49
464,52
465,70
466,53
467,45
468,52
469,46
470,49
471,47
472,32
473,33
474,26
475,31
476,39
477,53
479,40
480,41
483,102
485,73
486,95
488,14
489,10
490,10
491,19
493,26
494,23
495,13
497,21
498,19
500,27
501,20
502,26
505,30
506,18
508,26
510,15
511,18
512,18
513,19
514,18
515,27
516,16
518,25
519,33
520,45
521,32
522,47
523,40
524,37
525,29
526,20
529,20
530,35
533,24
534,28
535,52
536,36
537,27
539,22
540,25
542,30
543,39
544,28
546,29
548,24
549,38
550,25
551,28
552,24
553,18
555,32
556,23
557,27
558,24
559,23
560,22
561,17
563,23
564,41
565,24
568,26
569,47
571,23
573,32
574,39
575,38
576,24
577,25
578,23
579,21
582,16
583,20
584,22
585,21
586,20
587,19
588,23
590,18
591,31
592,20
593,21
594,13
600,24
602,21
605,31
606,20
607,11
608,37
609,26
610,28
612,20
613,25
614,23
615,19
616,42
617,29
621,29
622,24
623,46
624,24
626,19
627,22
628,24
630,25
631,25
633,21
634,26
635,31
636,28
637,38
638,43
639,43
640,22
641,19
642,21
643,21
648,17
650,19
652,31
654,34
656,26
657,25
661,48
663,21
664,39
665,37
666,24
667,45
669,21
670,25
671,25
672,29
673,30
674,29
676,23
678,19
679,33
680,32
681,29
700,18
701,17
702,15
703,20
704,13
706,27
708,13
709,29
710,26
711,48
713,24
714,24
716,15
719,16
720,38
722,13
723,9
724,28
726,21
729,17
731,18
733,34
734,15
735,14
736,22
737,30
739,23
740,18
741,26
742,18
743,26
744,14
745,21
746,16
747,15
748,16
749,16
750,38
752,29
754,23
755,19
756,-1
757,40
758,17
759,16
760,22
762,12
763,25
764,17
765,14
766,9
767,46
768,32
769,19
770,12
771,25
773,22
774,24
775,24
776,11
777,21
779,17
780,25
781,23
782,38
785,17
786,15
787,21
788,16
790,15
791,12
792,11
793,17
794,21
795,13
796,18
797,27
800,21
802,51
805,19
806,20
807,35
808,17
809,17
810,31
811,39
813,17
815,27
816,15
817,16
818,28
819,21
820,32
822,13
823,32
825,20
826,31
827,43
828,27
829,18
830,22
832,22
834,20
835,23
836,19
837,19
838,23
839,42
840,18
841,20
843,50
844,19
845,21
846,40
848,22
849,16
850,15
851,30
852,31
853,19
854,51
855,17
857,87
858,53
859,106
860,30
863,21
864,22
866,48
867,19
869,20
870,15
900,34
902,29
903,34
904,34
905,36
906,31
907,21
908,27
909,59
911,24
912,22
913,26
914,17
915,18
916,30
917,42
919,37
921,57
922,35
923,35
925,35
927,34
928,66
930,25
931,25
932,27
933,30
937,31
938,29
939,31
941,73
942,39
943,39
945,64
946,44
947,41
948,17
949,39
950,27
952,39
953,51
954,29
956,22
958,31
959,31
960,43
962,34
963,51
964,47
965,55
966,39
967,37
968,53
969,48
971,53
973,77
974,51
975,60
976,31
977,58
978,46
979,35
982,26
984,28
985,31
989,20
991,43
992,48
993,52
994,49
995,59
996,22
1001,28
1002,22
1003,19
1004,22
1006,40
1007,24
1008,25
1009,29
1010,37
1011,26
1012,19
1013,22
1016,25
1017,31
1018,25
1019,21
1020,19
1021,21
1022,24
1023,23
1024,19
1025,27
1026,34
1027,41
1028,22
1029,27
1030,22
1031,23
1032,25
1033,41
1034,36
1035,43
1036,50
1037,23
1038,25
1039,32
1041,35
1042,27
1044,27
1048,27
1049,23
1050,25
1051,29
1053,35
1056,24
1057,24
1058,32
1059,38
1060,31
1061,31
1063,37
1064,43
1065,41
1066,41
1067,39
1068,43
1070,42
1072,40
1073,24
1074,42
1075,24
1076,24
1077,28
1078,22
1079,26
1080,27
1081,33
1083,34
1084,27
1085,41
1086,39
1088,18
1089,51
1090,26
1101,14
1102,18
1103,27
1105,30
1106,13
1108,16
1109,17
1110,11
1111,9
1112,9
1113,16
1117,22
1118,15
1119,28
1120,22
1121,10
1124,16
1126,26
1127,22
1128,28
1129,30
1130,29
1132,18
1135,23
1136,34
1137,29
1139,26
1140,19
1141,16
1145,14
1148,30
1149,12
1150,14
1151,12
1152,12
1153,15
1155,17
1157,17
1158,16
1159,20
1160,14
1161,13
1162,15
1165,16
1166,16
1167,15
1168,11
1169,22
1170,27
1171,20
1172,16
1173,19
1174,17
1175,34
1177,16
1178,16
1180,12
1181,12
1182,23
1183,29
1184,13
1185,15
1186,14
1187,20
1188,12
1190,12
1191,12
1192,15
1193,10
1195,6
1196,7
1197,7
1198,10
1199,26
1200,12
1201,30
1203,49
1204,38
1205,17
1206,14
1207,39
1208,17
1209,19
1210,18
1212,21
1213,33
1214,37
1215,20
1217,25
1218,28
1220,17
1221,19
1222,20
1224,19
1226,18
1227,42
1228,35
1229,39
1230,49
1231,20
1232,25
1233,23
1235,20
1239,19
1240,16
1241,16
1242,17
1243,17
1244,20
1245,21
1246,22
1247,20
1248,28
1250,22
1251,23
1253,36
1256,40
1258,47
1259,28
1260,33
1262,24
1263,23
1264,22
1265,26
1266,19
1267,26
1268,22
1269,21
1271,36
1274,23
1275,28
1277,24
1278,25
1279,44
1280,51
1282,28
1283,45
1285,42
1286,37
1287,34
1288,37
1289,23
1290,28
1291,22
1293,20
1295,35
1296,19
1297,23
1299,30
1300,25
1302,47
1303,45
1304,88
1305,35
1306,50
1308,27
1314,50
1315,66
1316,68
1318,47
1319,34
1321,35
1322,31
1325,39
1326,39
1327,34
1328,30
1332,22
1333,24
1334,25
1336,38
1337,39
1338,34
1339,37
1340,25
1342,62
1343,49
1344,70
1346,48
1347,46
1348,42
1349,28
1351,27
1352,46
1353,51
1354,31
1357,67
1358,51
1360,48
1361,56
1362,29
1363,29
1364,50
1365,60
1366,32
1367,41
1368,37
1370,77
1372,36
1373,37
1375,32
1376,42
1377,33
1379,67
1380,29
1381,21
1382,37
1384,38
1385,39
1386,46
1388,45
1390,24
1391,26
1392,99
1393,75
1394,43
1395,29
1396,29
1401,23
1402,36
1403,22
1404,21
1405,28
1407,23
1408,22
1410,51
1411,22
1414,29
1416,22
1418,46
1420,26
1421,35
1422,66
1424,40
1425,42
1426,60
1427,52
1428,46
1429,19
1430,50
1431,45
1433,18
1435,41
1436,40
1437,18
1438,32
1440,15
1441,46
1442,25
1444,20
1445,17
1446,19
1447,24
1448,25
1449,24
1450,23
1451,21
1452,18
1453,38
1454,28
1455,23
1456,32
1457,32
1458,27
1459,39
1461,21
1462,24
1464,23
1466,26
1467,31
1468,23
1469,24
1470,24
1471,23
1472,25
1473,21
1474,19
1477,19
1478,24
1479,22
1480,20
1501,49
1503,40
1504,54
1506,45
1509,31
1510,34
1512,37
1514,36
1515,46
1516,52
1518,46
1519,46
1520,38
1525,47
1526,38
1527,49
1528,65
1529,46
1530,39
1531,37
1532,28
1533,37
1535,41
1536,32
1537,66
1538,54
1539,47
1540,45
1541,66
1542,56
1543,53
1546,38
1547,52
1548,68
1550,83
1551,59
1552,41
1553,32
1554,31
1557,31
1558,60
1560,40
1564,47
1565,40
1568,45
1569,40
1571,28
1572,67
1573,55
1574,36
1601,26
1602,29
1605,27
1606,24
1608,24
1610,22
1611,30
1616,24
1617,31
1619,42
1625,47
1627,39
1628,33
1630,35
1634,46
1635,58
1636,33
1637,30
1639,38
1640,21
1641,23
1642,49
1643,19
1646,46
1650,27
1651,34
1652,32
1653,33
1654,41
1655,24
1656,36
1657,33
1659,35
1660,47
1661,33
1662,32
1663,31
1664,35
1665,41
1666,37
1667,42
1668,28
1669,31
1670,45
1671,32
1672,34
1674,32
1675,47
1677,33
1679,57
1680,56
1681,52
1682,40
1683,39
1684,23
1685,44
1686,30
1688,31
1689,33
1690,27
1691,35
1692,45
1693,45
1696,32
1697,31
1702,30
1703,35
1705,34
1706,38
1707,36
1708,33
1709,41
1713,64
1714,50
1715,48
1716,27
1719,32
1720,32
1722,34
1725,32
1726,53
1727,39
1728,35
1729,37
1730,44
1731,53
1732,31
1733,29
1734,47
1735,42
1736,37
1737,35
1738,28
1741,42
1742,42
1743,30
1744,28
1749,28
1750,32
1751,33
1752,30
1754,46
1756,29
1757,51
1758,56
1759,31
1761,42
1762,32
1765,41
1767,35
1768,46
1770,42
1771,50
1772,52
1774,43
1775,29
1804,17
1805,16
1806,10
1808,15
1809,15
1812,14
1814,25
1819,23
1820,20
1821,26
1823,40
1824,20
1825,20
1826,16
1827,13
1828,38
1829,24
1830,31
1831,23
1833,21
1834,15
1835,16
1836,66
1839,16
1840,16
1841,20
1842,48
1843,35
1845,19
1846,22
1847,13
1848,17
1849,17
1850,13
1851,15
1853,26
1854,34
1855,22
1856,28
1857,16
1858,18
1859,18
1861,18
1862,24
1863,25
1864,29
1865,22
1866,19
1867,13
1868,35
1869,22
1870,43
1901,13
1904,6
1906,15
1907,16
1908,14
1910,25
1911,24
1912,21
1914,24
1916,16
1920,15
1924,31
1925,25
1928,21
1929,26
1930,18
1931,19
1933,22
1936,20
1937,25
1941,19
1943,33
1946,14
1951,23
1952,15
1953,25
1955,25
1956,18
1957,16
1958,17
1959,18
1960,20
1962,29
1964,19
1965,18
1966,23
1967,28
1969,33
1971,32
1973,30
1974,21
1975,17
1976,30
1977,25
1979,18
1981,16
1983,25
1985,19
1986,22
1987,21
1988,19
1991,23
1992,23
1993,25
1994,17
1996,10
1998,10
1999,29
2000,14
2002,20
2003,23
2007,37
2008,44
2009,21
2012,19
2013,39
2015,31
2016,28
2020,34
2024,47
2025,18
2026,17
2027,22
2032,18
2033,24
2034,27
2036,18
2037,16
2038,18
2040,40
2041,39
2048,43
2050,17
2054,31
2056,36
2057,53
2058,35
2059,26
2060,27
2062,37
2064,40
2065,16
2066,22
2067,23
2068,44
2069,69
2070,26
2071,51
2077,22
2078,31
2079,27
2080,19
2082,28
2083,26
2084,46
2085,28
2086,32
2088,59
2089,30
2090,21
2091,20
2092,51
2093,88
2094,93
2095,19
2096,46
2102,26
2103,29
2104,26
2105,24
2106,32
2108,33
2109,28
2110,22
2111,45
2112,40
2113,22
2115,30
2116,40
2119,49
2122,47
2127,54
2128,50
2129,64
2130,55
2135,30
2136,29
2137,30
2139,44
2140,35
2143,55
2144,30
2145,37
2148,53
2156,30
2159,54
2164,31
2165,60
2167,57
2169,34
2170,23
2171,43
2172,53
2173,26
2174,27
2175,28
2176,24
2178,68
2179,32
2184,59
2185,48
2186,51
2187,43
2189,33
2190,29
2191,49
2195,33
2196,31
2198,44
2199,48
2202,51
2203,50
2205,52
2206,49
2207,53
2210,17
2211,24
2212,25
2213,17
2214,23
2215,14
2217,21
2219,16
2221,25
2222,21
2223,30
2225,53
2226,77
2227,24
2228,18
2229,24
2230,18
2231,13
2233,27
2235,48
2237,41
2239,27
2241,27
2242,35
2243,29
2244,26
2245,28
2246,32
2247,24
2248,23
2249,24
2250,30
2251,27
2252,38
2255,20
2256,27
2257,31
2258,43
2259,17
2263,35
2264,18
2265,21
2266,26
2269,31
2270,44
2271,17
2272,36
2273,33
2274,27
2275,32
2276,26
2277,28
2279,26
2280,37
2281,46
2282,82
2283,36
2284,48
2285,23
2286,57
2287,68
2288,54
2289,62
2293,31
2294,24
2297,39
2299,28
2301,20
2302,27
2303,32
2304,69
2305,41
2306,31
2307,32
2308,26
2309,44
2310,27
2311,58
2312,35
2313,37
2314,38
2315,23
2316,27
2317,25
2318,38
2319,45
2320,22
2321,18
2322,43
2323,39
2324,24
2325,25
2326,39
2327,43
2328,57
2329,48
2330,37
2331,37
2332,39
2333,42
2334,44
2335,23
2336,32
2337,33
2339,22
2340,24
2341,53
2342,49
2344,26
2347,66
2348,81
2349,108
2350,29
2351,52
2352,59
2353,60
2354,40
2355,11
2356,40
2357,52
2358,33
2359,25
2360,41
2362,28
2363,38
2364,36
2365,41
2368,52
2369,40
2370,30
2371,61
2372,19
2373,23
2375,32
2376,27
2377,63
2380,44
2381,50
2382,39
2383,36
2384,21
2385,36
2386,53
2387,35
2388,45
2389,25
2390,33
2391,43
2392,45
2394,30
2396,30
2398,61
2401,53
2403,30
2404,27
2405,46
2406,34
2407,42
2408,18
2409,30
2410,40
2411,18
2413,16
2414,22
2415,35
2416,30
2417,40
2418,20
2419,21
2420,23
2421,37
2422,27
2423,31
2425,26
2426,31
2427,25
2430,47
2431,16
2501,37
2502,37
2503,21
2504,33
2505,25
2506,48
2509,23
2510,62
2511,21
2514,21
2515,20
2516,33
2517,28
2518,30
2519,26
2520,19
2521,23
2523,20
2524,15
2525,20
2527,17
2529,22
2530,23
2531,17
2532,78
2533,59
2535,21
2536,36
2537,32
2538,18
2539,29
2540,20
2541,106
2542,30
2545,42
2547,25
2548,33
2549,27
2550,24
2601,19
2603,30
2604,22
2605,23
2606,31
2608,20
2609,32
2611,25
2613,22
2614,29
2615,23
2616,38
2617,43
2618,21
2619,21
2620,17
2621,20
2622,23
2623,24
2625,18
2626,31
2627,52
2628,24
2630,32
2631,14
2632,20
2633,46
2634,31
2635,21
2637,17
2639,19
2641,22
2642,36
2643,24
2644,26
2645,21
2646,20
2647,14
2648,22
2649,41
2650,38
2651,32
2652,24
2653,28
2654,32
2655,31
2656,23
2657,22
2658,21
2659,25
2701,13
2702,11
2703,18
2704,15
2706,21
2707,21
2708,15
2709,14
2710,17
2711,17
2712,40
2713,22
2715,9
2716,14
2717,11
2718,8
2719,9
2720,16
2721,12
2723,9
2724,11
2725,11
2727,9
2728,5
2729,8
2730,11
2731,9
2732,9
2733,10
2737,21
2739,12
2740,14
2741,22
2742,16
2744,13
2745,15
2746,14
2801,22
2804,21
2805,31
2806,34
2807,19
2808,19
2809,25
2810,25
2812,22
2813,34
2814,35
2815,31
2816,35
2817,23
2818,33
2819,22
2820,21
2821,26
2822,13
2823,16
2824,17
2825,15
2826,14
2901,25
2902,25
2903,35
2904,41
2907,43
2908,28
2909,26
2910,26
2911,43
2912,36
2913,35
2914,40
2915,44
2917,27
2919,28
2920,31
2921,36
3002,19
3003,39
3005,16
3006,12
3007,11
3008,16
3009,17
3010,21
3013,48
3100,54
3101,47
3102,30
3103,45
3104,39
3105,67
3109,52
3110,46
3111,65
3113,53
3114,48
3115,45
3116,41
3117,50
3119,25
3120,20
3121,22
3122,18
3123,25
3125,30
3127,40
3128,40
3129,23
3130,32
3131,23
3132,45
3134,40
3201,18
3202,16
3203,14
3204,19
3205,16
3206,14
3207,13
3211,21
3212,23
3214,17
3215,12
3219,26
3220,24
3221,15
3305,59
3310,77
3311,43
3401,39
3402,38
3404,30
3405,45
3407,43
3408,92
3410,34
3411,36
3412,35
3413,32
3414,29
3415,27
3416,34
3417,36
3418,40
3419,44
3420,39
3421,37
3422,43
3425,46
3426,61
3427,65
3428,93
3429,83
3431,96
3432,41
3500,23
3501,26
3502,29
3503,47
3504,20
3505,24
3506,17
3507,24
3508,23
3509,23
3510,45
3511,20
3513,36
3514,30
3516,27
3517,22
3518,20
3521,29
3523,29
3525,20
3527,69
3528,20
3529,25
3530,45
3531,62
3532,49
3533,20
3534,28
3536,20
3537,46
3539,20
3542,34
3543,32
3544,34
3545,31
3547,39
3548,21
3549,19
3550,24
3551,17
3552,16
3553,21
3555,34
3556,73
3557,26
3558,23
3559,18
3560,20
3561,23
3563,31
3566,23
3569,17
3570,26
3571,20
3573,25
3575,26
3579,23
3581,25
3582,19
3586,22
3587,26
3588,28
3600,24
3602,22
3603,32
3604,31
3605,22
3606,19
3609,29
3610,28
3611,26
3612,30
3614,21
3615,42
3616,28
3618,21
3620,49
3621,34
3622,33
3623,18
3624,38
3627,22
3628,28
3629,26
3630,37
3634,29
3636,42
3637,30
3638,24
3640,26
3641,61
3642,64
3643,32
3644,61
3646,51
3647,25
3648,30
3649,30
3651,25
3652,37
3653,19
3654,17
3655,42
3656,32
3657,33
3658,32
3659,39
3661,39
3663,34
3664,24
3665,32
3668,24
3671,26
3673,19
3674,21
3675,21
3676,31
3680,30
3681,25
3682,25
3683,29
3684,23
3685,29
3686,33
3688,39
3689,34
3690,33
3691,25
3692,35
3694,34
3698,40
3699,26
3700,23
3701,44
3703,41
3707,35
3714,56
3718,32
3724,52
3725,45
3726,57
3753,12
3754,16
3756,15
3757,14
3758,13
3759,8
3760,13
3761,24
3762,12
3763,17
3764,16
3765,28
3766,27
3767,25
3770,20
3772,15
3774,13
3775,13
3776,12
3778,19
3780,15
3781,26
3782,13
3783,15
3784,17
3785,7
3786,25
3788,13
3789,14
3792,28
3793,17
3794,21
3796,18
3797,16
3798,17
3799,19
3801,3
3802,55
3803,32
3804,53
3806,71
3807,28
3811,26
3812,37
3813,51
3814,34
3815,29
3816,47
3818,25
3819,41
3820,48
3853,25
3860,31
3863,19
3864,41
3865,21
3868,15
3873,25
3878,48
3879,25
3880,47
3881,23
3882,27
3886,30
3890,25
3894,17
3899,38
3900,28
3902,27
3903,18
3904,14
3905,15
3906,14
3907,6
3908,18
3910,27
3911,25
3912,17
3914,18
3915,25
3917,39
3918,20
3919,36
3920,15
3922,16
3923,12
3924,31
3925,18
3927,12
3928,17
3929,16
3930,28
3931,26
3932,16
3933,63
3934,14
3935,26
3936,15
3937,17
3939,14
3940,17
3956,16
3958,17
3959,25
3963,21
3966,17
3967,44
3968,23
3969,21
3970,32
3971,36
3973,43
3974,27
3975,16
3980,18
3983,18
3984,13
3985,12
3986,25
3987,17
3988,14
3989,15
4002,38
4004,44
4005,36
4007,33
4008,29
4009,53
4011,30
4013,30
4014,51
4016,24
4017,51
4018,34
4019,29
4020,46
4021,51
4023,24
4024,23
4025,20
4026,29
4027,31
4028,35
4029,28
4031,35
4032,42
4033,26
4035,46
4036,35
4037,38
4039,28
4040,23
4041,23
4042,36
4043,46
4044,60
4045,32
4054,49
4058,32
4062,28
4064,45
4073,45
4074,30
4078,42
4080,33
4083,31
4084,39
4086,37
4087,37
4088,52
4089,35
4090,29
4091,31
4092,30
4094,41
4095,32
4096,29
4097,42
4098,32
4102,18
4103,19
4104,21
4105,24
4107,21
4108,20
4110,26
4113,30
4114,22
4116,17
4117,21
4121,26
4122,23
4123,21
4128,28
4131,28
4132,24
4133,17
4134,29
4135,19
4136,19
4137,26
4138,21
4139,25
4140,27
4141,18
4142,21
4143,26
4144,44
4145,27
4146,29
4147,23
4148,17
4149,23
4152,39
4153,32
4158,56
4162,52
4167,26
4169,28
4173,53
4175,18
4177,56
4178,19
4179,28
4180,29
4181,32
4182,31
4202,31
4206,14
4207,18
4208,17
4210,22
4211,23
4212,14
4213,20
4214,12
4216,18
4217,18
4218,10
4220,16
4221,49
4222,16
4224,14
4226,28
4233,15
4234,36
4238,15
4240,69
4244,15
4246,29
4247,27
4248,43
4253,59
4255,38
4264,29
4266,69
4267,51
4269,25
4270,35
4271,65
4272,27
4273,29
4274,26
4275,45
4277,34
4278,33
4280,25
4281,36
4303,18
4304,37
4305,23
4306,31
4307,17
4309,52
4310,33
4312,21
4313,18
4315,27
4316,23
4317,24
4318,36
4319,42
4320,19
4322,58
4323,34
4324,19
4327,56
4329,48
4332,22
4333,45
4334,65
4336,66
4337,84
4338,83
4340,82
4341,27
4343,62
4344,36
4345,22
4346,39
4347,26
4348,29
4349,25
4350,22
4351,23
4353,17
4360,31
4362,22
4363,66
4367,28
4370,19
4373,19
4377,21
4381,19
4382,19
4383,18
4385,26
4386,22
4387,23
4389,16
4390,17
4393,15
4394,14
4396,25
4397,22
4398,26
4399,19
4401,15
4406,34
4411,36
4414,36
4415,78
4417,110
4418,37
4419,36
4420,29
4421,52
4423,39
4425,34
4427,39
4428,49
4452,29
4453,37
4454,57
4457,19
4458,42
4460,28
4461,34
4462,32
4463,28
4464,23
4465,23
4468,22
4469,42
4472,49
4473,40
4474,41
4475,29
4478,31
4479,37
4480,22
4481,20
4483,19
4484,25
4485,20
4486,23
4488,25
4490,23
4491,25
4493,33
4496,18
4497,19
4499,51
4507,21
4508,17
4509,15
4510,23
4512,20
4514,12
4515,17
4517,22
4518,28
4519,30
4520,17
4522,22
4523,56
4526,12
4527,18
4528,15
4530,25
4531,19
4532,14
4535,15
4536,10
4537,15
4538,30
4539,15
4540,15
4541,16
4542,16
4543,19
4544,16
4545,26
4546,20
4547,13
4548,23
4549,20
4552,12
4553,18
4555,21
4556,15
4557,13
4558,18
4559,21
4560,15
4561,13
4563,23
4564,21
4565,20
4566,16
4567,22
4569,30
4571,18
4573,21
4574,20
4575,25
4576,26
4578,35
4579,49
4580,22
4581,22
4582,12
4583,23
4584,23
4585,9
4588,10
4589,30
4591,43
4592,19
4594,13
4598,15
4599,20
4600,16
4601,12
4603,19
4604,20
4607,16
4608,18
4609,14
4610,21
4611,51
4612,49
4613,57
4615,28
4616,20
4617,19
4618,19
4619,17
4620,17
4621,112
4622,20
4623,62
4625,17
4627,24
4629,15
4632,44
4633,19
4634,56
4636,21
4637,16
4638,26
4639,20
4640,19
4641,27
4642,18
4643,30
4644,28
4652,33
4653,33
4657,25
4658,43
4659,25
4663,37
4665,21
4667,52
4668,58
4671,39
4672,38
4674,37
4676,44
4677,24
4678,37
4681,60
4683,44
4684,54
4685,17
4686,43
4687,53
4689,43
4690,61
4693,25
4703,94
4705,38
4707,32
4708,34
4710,47
4711,47
4713,37
4715,62
4718,42
4719,45
4721,47
4752,50
4753,57
4760,71
4761,38
4762,71
4765,39
4766,32
4772,58
4774,71
4775,39
4776,48
4777,47
4781,37
4782,48
4784,42
4785,42
4791,54
4792,42
4793,32
4794,29
4796,48
4797,50
4798,25
4800,41
4801,66
4802,35
4803,21
4804,20
4807,22
4808,49
4809,48
4811,50
4812,25
4813,26
4815,42
4819,22
4820,29
4823,24
4824,28
4825,41
4826,19
4827,50
4828,31
4829,32
4830,47
4834,43
4835,36
4836,47
4837,41
4838,34
4840,36
4841,21
4842,21
4843,31
4845,42
4846,21
4847,42
4852,20
4854,19
4855,51
4856,25
4857,25
4859,18
4860,39
4862,23
4863,20
4864,21
4865,17
4867,30
4868,19
4870,20
4871,39
4872,33
4873,35
4874,23
4875,29
4879,62
4880,21
4881,51
4882,63
4883,57
4884,18
4885,17
4886,18
4887,27
4888,39
4889,53
4891,49
4892,22
4893,22
4895,56
4896,55
4897,25
4902,33
4903,32
4905,24
4906,29
4907,32
4908,35
4909,55
4913,33
4914,46
4915,47
4916,50
4917,22
4918,21
4919,18
4923,21
4924,33
4925,34
4926,24
4928,28
4929,29
4930,21
4931,28
4932,39
4935,19
4936,60
4937,32
4938,19
4939,34
4940,12
4941,20
4942,21
4944,34
4951,34
4952,29
4953,30
4954,40
4956,28
4957,44
4958,42
4959,25
4960,19
4962,18
4964,29
4965,15
4968,18
5052,11
5053,15
5055,12
5057,11
5059,18
5061,13
5064,14
5065,15
5066,8
5067,26
5070,9
5072,17
5073,24
5074,13
5075,15
5076,15
5078,24
5080,15
5082,16
5084,17
5086,22
5087,17
5088,22
5089,6
5090,11
5091,7
5095,11
5096,9
5097,9
5098,9
5099,11
5100,13
5151,33
5152,36
5153,8
5154,27
5155,28
5301,40
5305,28
5309,28
5310,35
5311,29
5313,41
5314,28
5315,54
5317,23
5318,42
5319,31
5320,45
5321,50
5322,30
5323,27
5325,33
5326,42
5327,43
5328,44
5329,33
5330,32
5331,24
5332,34
5333,32
5334,34
5335,36
5336,50
5337,37
5338,35
5339,39
5341,44
5342,34
5503,25
5504,72
5506,17
5507,72
5508,23
5509,11
5513,12
5514,11
5515,9
5601,46
5602,31
5651,15
5751,24
5752,24
5753,31
5756,25
5758,40
5759,22
5760,20
5761,18
5763,27
5764,21
5765,22
5766,57
5767,45
5768,24
5773,36
5774,31
5775,35
5777,39
5778,72
5779,26
5780,23
5781,23
5782,33
5783,25
5784,9
5785,34
5786,27
5851,16
5852,22
5853,50
5854,24
5855,53
5857,22
5858,23
5859,21
5860,23
5861,20
5864,18
5865,14
5866,12
5867,20
5868,19
5869,15
5870,22
5871,15
5872,21
5876,23
5877,17
5878,15
5879,36
5880,19
5881,21
5882,15
5883,16
5884,17
5885,14
5886,22
5887,22
5888,17
5889,27
5890,17
5891,5
5892,28
5893,25
5894,15
5895,15
5896,24
5897,22
5898,23
6053,54
6054,37
6055,49
6057,29
6058,43
6059,37
6060,81
6061,28
6062,29
6063,29
6171,22
6172,19
6173,17
6176,26
6177,9
6178,12
6180,19
6182,10
6183,11
6184,16
6185,16
6187,13
6188,16
6189,13
6190,11
