gu,stations,hpi_in,hill_station_share,hard_route_share,imbalance,daily_use
중구,91,62.75,28.57,3.53,-0.05,67.63
서대문구,80,62.66,30.0,1.56,-0.05,62.78
성북구,79,60.68,26.58,2.33,-0.05,69.57
강남구,170,60.51,27.06,2.03,-0.06,56.44
동작구,67,59.89,29.85,2.88,-0.07,71.46
강북구,57,58.68,26.32,1.12,-0.04,56.56
용산구,87,57.57,21.84,3.66,-0.05,61.25
관악구,67,57.44,19.4,0.85,-0.03,70.23
중랑구,95,57.43,21.05,0.9,-0.04,74.65
도봉구,73,57.31,21.92,0.58,-0.03,77.7
노원구,148,56.63,21.62,0.23,-0.02,106.17
종로구,97,56.54,21.65,2.3,-0.06,83.4
광진구,89,56.41,17.98,0.3,-0.03,152.66
양천구,109,56.4,17.43,0.31,-0.02,164.04
강서구,194,56.37,15.46,0.05,-0.01,179.6
은평구,93,56.37,25.81,1.47,-0.07,67.05
강동구,117,55.35,23.93,0.12,-0.01,117.48
구로구,113,55.22,15.04,0.53,-0.02,103.29
영등포구,172,54.77,12.21,0.59,-0.02,148.34
송파구,218,54.23,14.68,0.22,-0.02,121.9
금천구,67,54.01,17.91,0.49,-0.03,65.59
서초구,137,53.81,20.44,1.37,-0.06,63.36
성동구,90,53.54,16.67,0.68,-0.03,116.3
동대문구,91,52.96,14.29,0.18,-0.0,104.39
마포구,120,52.17,14.17,1.21,-0.04,108.96
