station_id,name,gu,lat,lon,docks,elev,rel_elev_500,rel_elev_1000,hpi_in,hpi_out,hard_in_share,density_500,rent,ret,total,imbalance,drain_per_day,daily_use,use_pred,use_cf,latent_gain,priority
416,상암월드컵파크 1단지 교차로,마포구,37.57566452,126.89444733,12.0,33,16.0,16.74074074074074,102.2113430626858,18.441204617738503,0.1044776119402985,9.0,704.0,346.0,1050.0,-0.34095238095238095,11.933333333333334,35.0,49.5817900074512,77.60098081649873,28.019190809047537,0.9644064682102169
4591,신길자이아파트,영등포구,37.50601196,126.91588593,20.0,43,-0.6000000000000014,18.095238095238095,99.44558454032786,15.039779319120541,0.023255813953488372,2.0,1153.0,243.0,1396.0,-0.6518624641833811,30.333333333333332,46.53333333333333,52.745673948449515,70.61326243503504,17.867588486585525,0.9511209114296215
2818,천왕이펜하우스3단지 앞,구로구,37.48223877,126.83853149,14.0,33,10.666666666666668,11.333333333333332,79.96508930779532,34.12806533079624,0.05128205128205128,6.0,532.0,115.0,647.0,-0.6445131375579598,13.9,21.566666666666666,46.89881854098963,77.40307226663947,30.50425372564984,0.9434399117971335
4346,장학재단빌딩 앞,서초구,37.4997139,127.01212311,7.0,39,-0.6000000000000014,15.350000000000001,86.71850189405801,26.939887133283584,0.03076923076923077,1.0,517.0,242.0,759.0,-0.36231884057971014,9.166666666666666,25.3,21.497605867314135,47.61303385717717,26.115427989863036,0.9368246968026459
2258,구룡사 삼거리,서초구,37.47153854,127.05059052,20.0,43,13.0,12.0,88.26871098874598,25.161699444685457,0.038461538461538464,3.0,578.0,204.0,782.0,-0.4782608695652174,12.466666666666667,26.066666666666666,51.161442654760464,71.83905793886183,20.677615284101364,0.9336273428886438
1854,가산아네스트 오피스텔 앞,금천구,37.47817993,126.89740753,10.0,34,-0.6000000000000014,10.53846153846154,81.87500135516595,28.571917979043327,0.0,2.0,948.0,417.0,1365.0,-0.389010989010989,17.7,45.5,42.38097369734688,62.9112708420708,20.530297144723917,0.9326718118338846
1842,한울중학교,금천구,37.46257401,126.90686035,12.0,48,11.0,14.100000000000001,100.51077797931865,14.66921748622895,0.02,3.0,407.0,129.0,536.0,-0.5186567164179104,9.266666666666667,17.866666666666667,29.325785320818845,46.82851637585907,17.502731055040222,0.9317530319735392
971,역촌 센트레빌 아파트,은평구,37.60232925,126.90654755,20.0,53,-0.6000000000000014,24.0,108.09167243300735,12.597047539823471,0.06060606060606061,2.0,877.0,149.0,1026.0,-0.7095516569200779,24.266666666666666,34.2,28.45999972580936,40.96591404554768,12.505914319738316,0.9312568908489526
852,청암자이아파트 앞,용산구,37.53452682,126.9471817,30.0,31,-0.6000000000000014,12.90909090909091,78.50048320070957,32.249281956674096,0.01639344262295082,1.0,1166.0,874.0,2040.0,-0.14313725490196078,9.733333333333333,68.0,92.39411560148596,121.32764298128652,28.93352737980055,0.928574053656744
1828,한양수자인아파트 앞,금천구,37.47531891,126.89888763,10.0,38,7.800000000000001,12.38888888888889,90.25031742557707,22.467402040622975,0.0136986301369863,5.0,1039.0,470.0,1509.0,-0.3770709078860172,18.966666666666665,50.3,41.87667667315784,57.01939886720029,15.142722194042449,0.9268834987137082
5879,국회도서관 2문 앞,영등포구,37.53107071,126.91668701,8.0,36,13.705882352941178,13.5625,94.26034923517757,22.499838386405226,0.07526881720430108,17.0,403.0,283.0,686.0,-0.1749271137026239,4.0,22.866666666666667,27.13931551529987,63.286833868410895,36.147518353111025,0.9262954796030871
4009,월계프라자,노원구,37.63284302,127.05213165,20.0,53,9.0,18.6,102.49637431879171,12.954485874773026,0.05263157894736842,4.0,619.0,204.0,823.0,-0.5042527339003645,13.833333333333334,27.433333333333334,28.038928885320317,41.51786624861866,13.478937363298343,0.926111723631018
4632,용산 푸르지오 파크타운 1단지 앞,용산구,37.52529526,126.99583435,6.0,44,-0.6000000000000014,19.666666666666668,82.93837009162444,38.17604835757002,0.08571428571428572,1.0,438.0,211.0,649.0,-0.349768875192604,7.566666666666666,21.633333333333333,17.66328400472312,43.691547513437385,26.028263508714264,0.9253583241455348
1870,독산3동주민센터 앞,금천구,37.47507095,126.90335846,8.0,43,-0.6000000000000014,12.4375,94.37259987571753,17.592208836180493,0.014285714285714285,1.0,733.0,313.0,1046.0,-0.40152963671128106,14.0,34.86666666666667,29.022708826193842,43.649760575206116,14.627051749012274,0.924292539507534
1714,도봉문화정보도서관 삼거리,도봉구,37.64463043,127.04460907,10.0,50,-0.6000000000000014,17.0625,89.51260115784416,24.644053694016954,0.046511627906976744,2.0,464.0,112.0,576.0,-0.6111111111111112,11.733333333333333,19.2,20.918453726903785,38.59205604889442,17.673602321990636,0.9239434031606027
164,북가좌1동 주민센터,서대문구,37.57447815,126.91004944,10.0,35,13.75,11.96153846153846,91.00335956604451,23.476935753204852,0.03896103896103896,8.0,578.0,438.0,1016.0,-0.1377952755905512,4.666666666666667,33.86666666666667,39.93117739847463,70.38397558871283,30.452798190238198,0.9237596471885335
403,부엉이공원 앞,마포구,37.58559036,126.88472748,20.0,20,7.0,6.631578947368421,74.14394503113161,37.16420698432901,0.0,8.0,1244.0,582.0,1826.0,-0.36254107338444685,22.066666666666666,60.86666666666667,100.18401894398279,123.747387500202,23.563368556219203,0.9231165012862919
1823,상신정비공업 앞,금천구,37.4589119,126.89859009,10.0,40,17.555555555555557,15.708333333333332,102.39141630439968,20.69806947634113,0.13333333333333333,9.0,284.0,147.0,431.0,-0.31786542923433875,4.566666666666666,14.366666666666667,33.592806509618875,55.73894017063345,22.146133661014574,0.9229878721058433
3537,아차산 휴먼시아 아파트 옆,광진구,37.54848862,127.09375763,15.0,46,5.0,10.615384615384613,92.83918777042327,18.73213136016701,0.017857142857142856,3.0,573.0,260.0,833.0,-0.375750300120048,10.433333333333334,27.766666666666666,37.2992841480604,53.26767878584261,15.968394637782211,0.9192760014700477
767,신정숲속마을아파트,양천구,37.50574493,126.83631134,10.0,46,-0.6000000000000014,13.363636363636367,94.19122730681148,19.90752527950501,0.024390243902439025,1.0,824.0,279.0,1103.0,-0.4941069809610154,18.166666666666668,36.766666666666666,28.664339107464887,40.86870152348916,12.20436241602427,0.9159500183755971
3503,광진유진스웰,광진구,37.55048752,127.10895538,14.0,47,-0.6000000000000014,17.75,88.846097710828,24.08282639455191,0.034482758620689655,1.0,307.0,83.0,390.0,-0.5743589743589743,7.466666666666667,13.0,20.996568969368237,40.38900373934648,19.39243476997824,0.9158948915839764
1136,등촌2파출소,강서구,37.54478836,126.86199951,8.0,34,7.0,11.142857142857142,83.04786885312222,26.952788813183847,0.0,3.0,698.0,375.0,1073.0,-0.30102516309412863,10.766666666666667,35.766666666666666,44.25981632910023,62.1576803007604,17.897863971660165,0.9154722528482175
4221,솔리스타오피스텔(공덕동주민센터),마포구,37.55015945,126.96052551,13.0,49,-0.6000000000000014,9.833333333333336,78.91777840647002,34.85734592444809,0.03125,2.0,839.0,111.0,950.0,-0.7663157894736842,24.266666666666666,31.666666666666668,27.373968305464228,43.41373196027026,16.039763654806034,0.9142778390297684
616,서울시립대 정문 앞 A,동대문구,37.58256149,127.05436707,10.0,42,3.0,9.350000000000001,90.53198062114939,21.199288898875228,0.0136986301369863,5.0,329.0,116.0,445.0,-0.4786516853932584,7.1,14.833333333333334,29.696968943864736,48.38577538171789,18.688806437853156,0.9138368246968025
2545,국립중앙도서관(국제회의장옆),서초구,37.49721146,127.00427246,15.0,42,-0.6000000000000014,16.5,93.28828799061247,20.87096678418657,0.015873015873015872,1.0,538.0,207.0,745.0,-0.4442953020134228,11.033333333333333,24.833333333333332,38.26895203185675,52.4291670574521,14.160215025595349,0.9132304299889746
3130,가재울사거리,서대문구,37.57456207,126.91799164,20.0,32,3.571428571428573,5.0,73.86259653665962,36.91072950528064,0.0,7.0,881.0,523.0,1404.0,-0.254985754985755,11.933333333333334,46.8,87.73293896776529,112.37010247400957,24.637163506244278,0.9132120543917678
4144,시립대학교 박물관 앞,동대문구,37.5832634,127.05721283,10.0,44,4.142857142857146,11.10526315789474,95.34411987547675,16.30701213368828,0.014705882352941176,7.0,534.0,283.0,817.0,-0.3072215422276622,8.366666666666667,27.233333333333334,37.1202900889628,51.80031787278139,14.680027783818595,0.9117603822124218
2283,그룹한빌딩옆,서초구,37.48652649,126.98916626,10.0,36,14.333333333333332,12.647058823529413,72.67115165152764,43.24094385210864,0.03333333333333333,6.0,401.0,136.0,537.0,-0.4934823091247672,8.833333333333334,17.9,35.96672327870312,67.01925879581626,31.052535517113135,0.9092245497978685
1126,우장산역 1번출구옆(우장산아이파크105동앞),강서구,37.54890823,126.83656311,7.0,26,1.0,4.25,74.96446537496988,34.82816797353752,0.0,3.0,2368.0,1664.0,4032.0,-0.1746031746031746,23.466666666666665,134.4,90.92712789033843,107.78244314160992,16.85531525127149,0.9063579566335906
2907,월계중학교,노원구,37.63074875,127.05310822,15.0,43,-0.8333333333333357,8.3125,80.51193959803645,30.465222297245234,0.0,6.0,498.0,118.0,616.0,-0.6168831168831169,12.666666666666666,20.533333333333335,42.636068350759786,57.965804610939585,15.3297362601798,0.9059904446894524
